CLIENTNUM,Attrition_Flag,Customer_Age,Gender,Dependent_count,Education_Level,Marital_Status,Income_Category,Card_Category,Months_on_book,Total_Relationship_Count,Months_Inactive_12_mon,Contacts_Count_12_mon,Credit_Limit,Total_Revolving_Bal,Avg_Open_To_Buy,Total_Amt_Chng_Q4_Q1,Total_Trans_Amt,Total_Trans_Ct,Total_Ct_Chng_Q4_Q1,Avg_Utilization_Ratio,naive_bayes_level_months_inactive_12_mon_1,naive_bayes_level_months_inactive_12_mon_2
806165208,Existing Customer,47,M,1,Doctorate,Divorced,$60K - $80K,Blue,42,5,2,0,20979,1800,19179,0.906,1178,27,0.929,0.086,5.70E-05,0.99994
789172683,Existing Customer,56,M,2,Doctorate,Married,$60K - $80K,Blue,45,6,2,0,2283,1430,853,2.316,1741,27,0.588,0.626,6.08E-05,0.99994
738406533,Existing Customer,59,M,1,Doctorate,Married,$40K - $60K,Blue,52,3,2,2,2548,2020,528,2.357,1719,27,1.7,0.793,0.0001546,0.99985
717975333,Existing Customer,50,M,2,Doctorate,Married,$80K - $120K,Blue,38,6,2,2,25300,1330,23970,1.072,837,15,2,0.053,0.00016471,0.99984
720336708,Existing Customer,53,M,3,Doctorate,Married,$40K - $60K,Blue,35,5,3,2,3789,1706,2083,1.047,1609,42,0.68,0.45,0.00027008,0.99973
721074183,Existing Customer,49,M,1,Doctorate,Married,$60K - $80K,Blue,36,4,6,3,24159,1196,22963,0.712,1111,24,1,0.05,0.00032436,0.99968
719666283,Existing Customer,55,F,1,Doctorate,Married,Less than $40K,Blue,36,4,1,0,3174,1951,1223,0.766,1243,29,0.611,0.615,2.76E-05,0.99997
711402333,Existing Customer,47,M,2,Doctorate,Single,Less than $40K,Blue,37,2,1,3,3235,797,2438,0.541,1493,32,1,0.246,0.00013405,0.99987
712454058,Existing Customer,49,M,1,Doctorate,Married,$120K +,Blue,38,6,1,3,9364,618,8746,0.554,1099,27,0.8,0.066,0.00012583,0.99987
780466533,Existing Customer,54,M,3,Doctorate,Married,$120K +,Blue,41,3,3,0,21592,1676,19916,1.097,1873,52,0.529,0.078,9.96E-05,0.9999
713779908,Existing Customer,46,F,3,Doctorate,Single,Unknown,Blue,36,6,3,2,2189,1666,523,0.343,1287,36,0.636,0.761,0.00027008,0.99973
721022433,Existing Customer,44,M,2,Doctorate,Single,$60K - $80K,Blue,36,5,1,2,7577,2480,5097,0.435,1409,35,0.167,0.327,7.97E-05,0.99992
709879458,Existing Customer,54,F,3,Doctorate,Married,Unknown,Blue,46,2,2,3,1900,1376,524,0.89,1881,45,0.607,0.724,0.00028744,0.99971
770632758,Existing Customer,50,F,4,Doctorate,Single,Unknown,Blue,36,2,3,2,2521,1608,913,0.587,1328,33,0.571,0.638,0.00027297,0.99973
779078733,Existing Customer,55,M,2,Doctorate,Married,$60K - $80K,Blue,36,3,4,3,16427,1682,14745,0.631,1579,36,1.118,0.102,0.00052896,0.99947
721333233,Existing Customer,40,M,4,Doctorate,Divorced,$60K - $80K,Blue,34,4,2,3,23138,1727,21411,0.693,1612,39,1.438,0.075,0.00029051,0.99971
710665533,Existing Customer,42,F,5,Doctorate,Married,Unknown,Blue,23,4,2,2,24602,1660,22942,0.588,1337,44,0.76,0.067,0.00017004,0.99983
717049533,Existing Customer,39,F,3,Doctorate,Unknown,$40K - $60K,Blue,28,5,3,0,7262,1466,5796,0.512,1438,28,0.556,0.202,9.96E-05,0.9999
710955633,Existing Customer,54,F,3,Doctorate,Single,Less than $40K,Blue,42,6,1,0,9256,1999,7257,0.812,1446,37,0.762,0.216,3.05E-05,0.99997
712027683,Existing Customer,47,F,2,Doctorate,Married,Less than $40K,Blue,35,3,2,2,5544,1184,4360,0.85,1336,38,0.652,0.214,0.00016471,0.99984
716027208,Existing Customer,47,M,4,Doctorate,Married,$60K - $80K,Blue,36,4,1,1,19665,706,18959,1.317,1110,58,0.349,0.036,5.04E-05,0.99995
808964433,Existing Customer,46,F,4,Doctorate,Divorced,Less than $40K,Blue,41,4,1,1,8693,1378,7315,0.799,1594,45,0.452,0.159,5.04E-05,0.99995
816596583,Existing Customer,45,M,2,Doctorate,Married,$80K - $120K,Blue,40,6,3,1,11710,693,11017,0.914,1749,50,0.429,0.059,0.00015697,0.99984
715041333,Existing Customer,39,M,3,Doctorate,Married,$60K - $80K,Blue,29,3,1,3,3537,2517,1020,1.021,1605,43,0.344,0.712,0.0001391,0.99986
714451833,Existing Customer,45,F,1,Doctorate,Single,Less than $40K,Blue,36,6,2,2,1438.3,0,1438.3,0.597,1431,34,0.545,0,0.0001546,0.99985
818248383,Existing Customer,33,M,2,Doctorate,Married,$60K - $80K,Blue,28,3,3,3,4049,0,4049,0.898,1742,35,1.5,0,0.00043772,0.99956
780326883,Existing Customer,53,M,2,Doctorate,Married,$60K - $80K,Blue,40,3,3,3,11262,1435,9827,0.735,2165,61,0.649,0.127,0.00043772,0.99956
719459358,Existing Customer,52,M,1,Doctorate,Married,$120K +,Blue,41,4,2,2,33864,989,32875,1.219,1751,48,0.92,0.029,0.0001546,0.99985
816089433,Existing Customer,49,M,4,Doctorate,Married,$60K - $80K,Blue,44,3,1,1,3343,1581,1762,1.146,1545,31,0.824,0.473,5.04E-05,0.99995
717090183,Existing Customer,60,M,1,Doctorate,Married,$120K +,Blue,50,6,1,2,21697,2144,19553,0.654,2117,48,0.655,0.099,7.48E-05,0.99993
710722908,Existing Customer,53,M,3,Doctorate,Single,$120K +,Blue,36,3,1,0,30883,1694,29189,0.86,1267,23,0.533,0.055,3.05E-05,0.99997
771706308,Existing Customer,46,M,2,Doctorate,Single,$80K - $120K,Blue,34,4,3,2,14310,694,13616,0.558,1254,34,0.478,0.048,0.00026028,0.99974
780598383,Existing Customer,35,M,3,Doctorate,Single,$40K - $60K,Blue,23,4,3,2,2148,1545,603,0.682,2167,65,0.512,0.719,0.00027008,0.99973
708249708,Existing Customer,48,F,1,Doctorate,Married,Less than $40K,Blue,39,3,3,3,4844,1576,3268,0.809,1489,48,0.6,0.325,0.00041087,0.99959
716462658,Existing Customer,47,M,4,Doctorate,Single,$80K - $120K,Blue,36,3,1,1,18037,0,18037,0.74,1387,36,0.333,0,5.04E-05,0.99995
721129383,Existing Customer,53,F,1,Doctorate,Married,Less than $40K,Blue,36,3,1,2,3128,2517,611,0.696,2361,42,0.826,0.805,7.48E-05,0.99993
717295683,Existing Customer,50,M,0,Doctorate,Single,$80K - $120K,Blue,38,5,2,2,3460,1881,1579,0.622,1546,35,1.059,0.544,0.00014134,0.99986
789605658,Existing Customer,42,F,1,Doctorate,Married,$40K - $60K,Blue,35,4,3,2,2985,2355,630,0.602,1065,27,0.588,0.789,0.00024431,0.99976
715708308,Existing Customer,54,F,3,Doctorate,Married,$40K - $60K,Blue,39,3,1,3,2112,1594,518,1.204,1338,29,2.222,0.755,0.0001391,0.99986
778971408,Existing Customer,36,M,4,Doctorate,Married,$60K - $80K,Blue,17,5,2,4,2803,1848,955,0.614,1968,64,0.524,0.659,0.00049554,0.9995
737925558,Existing Customer,64,M,0,Doctorate,Married,$40K - $60K,Blue,56,3,2,2,4234,1893,2341,0.585,1439,42,0.355,0.447,0.00014134,0.99986
715127208,Existing Customer,48,M,3,Doctorate,Divorced,$120K +,Blue,36,4,3,2,34516,2517,31999,0.697,1699,48,0.846,0.073,0.00027008,0.99973
709426608,Existing Customer,56,M,1,Doctorate,Married,$60K - $80K,Blue,46,5,2,4,5248,1816,3432,0.696,2305,45,0.731,0.346,0.00044353,0.99956
780581508,Existing Customer,58,F,1,Doctorate,Single,$40K - $60K,Silver,47,5,2,4,16677,1590,15087,0.885,1410,37,0.609,0.095,0.00040077,0.9996
772794108,Existing Customer,46,F,3,Doctorate,Single,Less than $40K,Blue,36,5,1,4,2201,651,1550,0.825,3165,65,0.585,0.296,0.0002373,0.99976
756013833,Existing Customer,57,M,3,Doctorate,Married,$80K - $120K,Blue,50,3,2,3,4522,1861,2661,0.957,1806,38,0.727,0.412,0.00028744,0.99971
738749733,Existing Customer,57,F,4,Doctorate,Married,Unknown,Blue,47,4,3,3,7345,1814,5531,0.472,1390,30,0.25,0.247,0.00045905,0.99954
814833408,Existing Customer,56,M,2,Doctorate,Married,$60K - $80K,Blue,51,3,3,4,6036,1409,4627,0.56,1741,45,0.364,0.233,0.00074656,0.99925
711048783,Existing Customer,41,M,4,Doctorate,Married,$80K - $120K,Blue,29,3,3,3,33405,0,33405,0.535,1345,34,0.619,0,0.00045905,0.99954
716565258,Existing Customer,37,M,3,Doctorate,Single,$80K - $120K,Blue,36,5,2,4,12830,0,12830,0.774,2526,54,0.588,0,0.0004903,0.99951
715042608,Existing Customer,39,F,2,Doctorate,Married,Unknown,Blue,36,5,2,4,8058,791,7267,1.787,2742,42,2,0.098,0.00047251,0.99953
789079758,Existing Customer,44,M,4,Doctorate,Unknown,$120K +,Blue,32,3,2,3,34516,1356,33160,1.169,1531,48,0.655,0.039,0.00029051,0.99971
710749458,Existing Customer,64,F,0,Doctorate,Married,Less than $40K,Blue,53,4,1,3,5462,1864,3598,0.67,1523,35,0.667,0.341,0.00011504,0.99988
808750458,Existing Customer,32,M,1,Doctorate,Single,$60K - $80K,Blue,27,5,3,3,10029,606,9423,0.727,2192,58,0.657,0.06,0.00041087,0.99959
719692983,Existing Customer,36,M,2,Doctorate,Married,$60K - $80K,Blue,30,3,3,4,4934,1504,3430,1.52,2747,42,0.448,0.305,0.00074656,0.99925
715216908,Existing Customer,48,M,4,Doctorate,Single,$80K - $120K,Blue,36,6,3,4,18102,1381,16721,0.513,1486,32,0.143,0.076,0.00078294,0.99922
716362008,Existing Customer,37,M,2,Doctorate,Married,$40K - $60K,Blue,29,3,3,2,1808,1009,799,0.796,1744,35,0.944,0.558,0.00026028,0.99974
717599283,Existing Customer,57,M,0,Doctorate,Married,$60K - $80K,Blue,36,3,1,2,5335,1206,4129,0.69,1844,49,0.75,0.226,6.84E-05,0.99993
716529258,Existing Customer,42,M,4,Doctorate,Married,$80K - $120K,Blue,27,5,3,4,31864,0,31864,1.009,1591,35,0.75,0,0.00078294,0.99922
720241758,Existing Customer,55,M,0,Doctorate,Married,$80K - $120K,Blue,36,3,1,3,8276,1671,6605,0.359,1409,25,0.25,0.202,0.00011504,0.99988
717678408,Existing Customer,61,F,1,Doctorate,Married,$40K - $60K,Blue,47,4,2,4,8633,2517,6116,0.681,2066,51,0.457,0.292,0.00044353,0.99956
714618333,Existing Customer,39,F,2,Doctorate,Married,Unknown,Blue,36,3,2,4,9843,2154,7689,0.733,1402,35,0.667,0.219,0.00047251,0.99953
769095558,Existing Customer,59,M,1,Doctorate,Single,$60K - $80K,Blue,53,3,2,2,9055,1560,7495,0.696,1755,45,0.8,0.172,0.0001546,0.99985
790102008,Existing Customer,37,M,3,Doctorate,Single,$60K - $80K,Blue,30,6,1,3,5924,1023,4901,0.765,3305,80,0.778,0.173,0.0001391,0.99986
819202533,Existing Customer,57,M,1,Doctorate,Married,$80K - $120K,Blue,52,3,2,3,10378,1540,8838,0.547,1306,32,0.28,0.148,0.00026001,0.99974
718627458,Existing Customer,43,F,3,Doctorate,Married,Unknown,Blue,38,3,4,2,1947,0,1947,0.838,2119,52,1,0,0.00032639,0.99967
719826333,Existing Customer,34,F,2,Doctorate,Single,Less than $40K,Blue,13,5,1,2,1438.3,0,1438.3,0.946,2557,67,0.763,0,7.97E-05,0.99992
716670783,Existing Customer,52,F,3,Doctorate,Single,Unknown,Blue,36,3,2,1,24703,1085,23618,0.998,4776,63,0.575,0.044,0.00010307,0.9999
765824058,Existing Customer,46,M,4,Doctorate,Married,$80K - $120K,Blue,39,3,3,1,5106,1539,3567,0.907,3784,74,0.609,0.301,0.00016463,0.99984
805522758,Existing Customer,44,F,1,Doctorate,Divorced,Less than $40K,Blue,39,5,2,4,2311,1830,481,1.289,1701,33,1.357,0.792,0.00044353,0.99956
773442258,Existing Customer,57,M,1,Doctorate,Married,$80K - $120K,Blue,51,5,2,2,8571,1616,6955,0.6,1397,28,0.647,0.189,0.0001546,0.99985
719596908,Existing Customer,56,F,5,Doctorate,Married,Unknown,Blue,48,4,2,2,11281,2118,9163,0.534,1255,30,0.304,0.188,0.00017004,0.99983
711625683,Existing Customer,46,M,4,Doctorate,Married,$120K +,Blue,36,3,2,5,3104,862,2242,1.057,2781,74,0.682,0.278,0.00085723,0.99914
717301908,Existing Customer,54,F,2,Doctorate,Married,Less than $40K,Blue,46,3,3,3,3312,1624,1688,0.573,1973,55,0.667,0.49,0.00043772,0.99956
789050883,Existing Customer,33,F,2,Doctorate,Single,Unknown,Blue,21,4,3,4,5297,0,5297,0.779,2655,62,0.55,0,0.00074656,0.99925
774437583,Existing Customer,55,M,1,Doctorate,Married,$60K - $80K,Blue,49,6,2,4,4597,2442,2155,0.512,1504,38,0.357,0.531,0.00044353,0.99956
708423933,Existing Customer,51,M,2,Doctorate,Single,$40K - $60K,Blue,40,3,2,0,6103,0,6103,0.532,3203,64,0.829,0,6.08E-05,0.99994
789952158,Existing Customer,34,F,1,Doctorate,Married,Unknown,Blue,25,4,3,3,2318,2069,249,1.399,2689,57,0.781,0.893,0.00041087,0.99959
778942233,Existing Customer,60,F,0,Doctorate,Married,Less than $40K,Blue,45,5,2,4,1438.3,648,790.3,0.477,1267,27,1.077,0.451,0.0004055,0.99959
780094008,Existing Customer,55,M,3,Doctorate,Married,$120K +,Blue,40,4,3,1,12875,1119,11756,0.401,1624,40,0.429,0.087,0.00016289,0.99984
712112733,Existing Customer,33,M,2,Doctorate,Single,$40K - $60K,Blue,25,5,2,2,9371,1541,7830,0.781,2518,67,0.971,0.164,0.00016471,0.99984
716823408,Existing Customer,65,M,0,Doctorate,Single,Unknown,Blue,56,3,2,2,28410,1608,26802,0.913,2278,77,1.139,0.057,0.00014134,0.99986
815001108,Existing Customer,48,M,2,Doctorate,Single,Less than $40K,Blue,43,3,3,2,5945,1685,4260,0.9,3598,67,0.718,0.283,0.00026028,0.99974
715077483,Existing Customer,47,F,3,Doctorate,Married,Less than $40K,Blue,36,4,3,4,1438.3,772,666.3,1.451,2250,40,0.905,0.537,0.00077466,0.99923
813213558,Existing Customer,53,F,1,Doctorate,Single,Less than $40K,Blue,48,4,3,3,2267,1469,798,0.716,3709,64,0.684,0.648,0.00041087,0.99959
773364483,Existing Customer,45,F,4,Doctorate,Unknown,Unknown,Silver,39,4,1,2,34516,1298,33218,0.757,1906,39,0.773,0.038,7.55E-05,0.99992
772303458,Existing Customer,62,F,0,Doctorate,Married,$40K - $60K,Blue,51,3,3,2,3377,948,2429,0.461,1407,44,0.467,0.281,0.00022336,0.99978
778973658,Existing Customer,55,M,0,Doctorate,Married,$60K - $80K,Blue,36,4,6,4,4980,906,4074,0.721,2273,66,0.886,0.182,0.00050583,0.99949
721475133,Existing Customer,54,F,1,Doctorate,Single,Unknown,Blue,36,6,3,4,26053,829,25224,0.669,2768,70,0.628,0.032,0.00070078,0.9993
778724058,Existing Customer,63,M,0,Doctorate,Single,$40K - $60K,Blue,49,5,4,3,5905,726,5179,0.85,3982,65,0.857,0.123,0.00045394,0.99955
796336833,Existing Customer,51,M,3,Doctorate,Married,$80K - $120K,Blue,45,5,2,4,32096,0,32096,0.766,2619,69,0.917,0,0.0004903,0.99951
709897983,Existing Customer,35,F,2,Doctorate,Married,$40K - $60K,Blue,24,5,2,3,2655,1527,1128,0.715,1921,26,0.444,0.575,0.00027701,0.99972
712060158,Existing Customer,35,M,0,Doctorate,Single,$60K - $80K,Blue,18,6,2,3,2598,1645,953,0.765,2483,59,0.903,0.633,0.00023771,0.99976
809984133,Existing Customer,37,M,2,Doctorate,Single,$120K +,Blue,32,3,3,5,32056,1887,30169,0.831,2730,68,0.7,0.059,0.0012912,0.99871
799731033,Existing Customer,34,F,2,Doctorate,Single,Less than $40K,Blue,28,3,3,2,1438.3,0,1438.3,0.892,3044,91,0.896,0,0.00026028,0.99974
778148283,Existing Customer,48,M,2,Doctorate,Single,$120K +,Blue,41,5,2,1,20148,1084,19064,0.79,3921,74,0.542,0.054,9.93E-05,0.9999
719363283,Existing Customer,59,F,0,Doctorate,Single,Less than $40K,Blue,36,3,1,2,1438.3,0,1438.3,0.691,1904,47,0.382,0,6.84E-05,0.99993
804610908,Existing Customer,49,F,2,Doctorate,Married,Less than $40K,Blue,44,4,3,0,3397,1962,1435,0.483,3295,66,0.61,0.578,9.60E-05,0.9999
717602733,Existing Customer,47,M,3,Doctorate,Single,Less than $40K,Blue,35,4,3,2,1842,0,1842,0.726,4165,67,0.634,0,0.00027008,0.99973
718934058,Existing Customer,36,M,2,Doctorate,Single,$40K - $60K,Blue,26,4,3,2,2845,2517,328,0.686,2396,51,0.5,0.885,0.00026028,0.99974
789338583,Existing Customer,42,M,2,Doctorate,Married,$80K - $120K,Blue,32,4,2,2,26222,1073,25149,1.288,1988,30,0.579,0.041,0.00016471,0.99984
716154258,Existing Customer,48,M,4,Doctorate,Unknown,$60K - $80K,Silver,38,3,2,2,32658,1482,31176,0.941,2023,37,0.542,0.045,0.00015608,0.99984
790174608,Existing Customer,37,M,1,Doctorate,Single,$80K - $120K,Blue,30,6,3,2,19300,1181,18119,0.764,2660,70,0.795,0.061,0.00024431,0.99976
807349158,Existing Customer,36,M,4,Doctorate,Divorced,$120K +,Blue,31,4,3,4,34516,1491,33025,0.93,2243,60,0.935,0.043,0.00078294,0.99922
715468083,Existing Customer,40,F,2,Doctorate,Married,Unknown,Silver,36,3,2,4,34516,1686,32830,0.562,3146,66,0.65,0.049,0.00042696,0.99957
715992558,Existing Customer,52,M,2,Doctorate,Married,$80K - $120K,Blue,38,4,2,2,12878,1628,11250,0.542,1968,59,0.735,0.126,0.00016471,0.99984
718785483,Existing Customer,38,M,1,Doctorate,Single,$80K - $120K,Silver,29,6,3,3,34516,1435,33081,1.13,4238,85,0.809,0.042,0.00037126,0.99963
708849858,Existing Customer,44,M,3,Doctorate,Single,$120K +,Blue,35,4,1,5,14028,1435,12593,0.57,3683,73,0.738,0.102,0.00041058,0.99959
713687508,Existing Customer,59,M,1,Doctorate,Single,$60K - $80K,Blue,49,5,2,4,9944,1606,8338,0.62,3159,69,0.568,0.162,0.00044353,0.99956
720776508,Existing Customer,44,F,2,Doctorate,Single,$40K - $60K,Blue,25,4,3,2,4210,0,4210,1.224,4248,65,0.857,0,0.00026028,0.99974
716363658,Existing Customer,51,M,2,Doctorate,Single,$120K +,Blue,36,4,2,5,25873,582,25291,0.769,3920,84,0.647,0.022,0.00081741,0.99918
789125733,Existing Customer,38,F,4,Doctorate,Married,Less than $40K,Blue,26,4,2,4,4002,1402,2600,0.579,2114,53,0.514,0.35,0.00049554,0.9995
711762408,Existing Customer,43,M,2,Doctorate,Divorced,$40K - $60K,Blue,34,4,1,2,2243,0,2243,0.697,4023,63,0.75,0,7.97E-05,0.99992
716497908,Existing Customer,49,F,1,Doctorate,Married,Unknown,Blue,36,3,1,2,8519,0,8519,0.873,3698,65,0.625,0,7.48E-05,0.99993
804437658,Existing Customer,42,F,3,Doctorate,Married,Less than $40K,Blue,36,4,2,1,9778,2154,7624,0.5,3413,66,0.692,0.22,0.00010307,0.9999
714857508,Existing Customer,44,F,4,Doctorate,Married,Unknown,Blue,36,5,2,4,8667,1775,6892,0.729,3939,69,0.533,0.205,0.00049554,0.9995
719513733,Existing Customer,48,M,3,Doctorate,Married,$80K - $120K,Blue,41,3,3,4,8739,0,8739,0.715,4276,69,0.769,0,0.00077466,0.99923
713199558,Existing Customer,57,F,3,Doctorate,Single,Less than $40K,Blue,44,5,3,2,1737,813,924,0.756,3669,58,0.812,0.468,0.00027008,0.99973
713532858,Existing Customer,42,M,2,Doctorate,Unknown,$80K - $120K,Blue,36,6,1,2,4728,1386,3342,0.756,4077,70,0.628,0.293,7.97E-05,0.99992
714829683,Existing Customer,43,M,2,Doctorate,Single,$80K - $120K,Blue,36,3,3,3,10851,1101,9750,0.702,3688,65,0.757,0.101,0.00043772,0.99956
818929158,Existing Customer,36,M,2,Doctorate,Single,$40K - $60K,Blue,31,3,3,2,11558,0,11558,0.545,2220,53,0.828,0,0.00026028,0.99974
717189183,Existing Customer,35,M,1,Doctorate,Single,$40K - $60K,Blue,24,6,3,2,10467,1961,8506,0.713,2665,65,0.667,0.187,0.00024431,0.99976
780715683,Existing Customer,41,M,3,Doctorate,Single,$60K - $80K,Blue,30,4,1,3,13602,0,13602,0.699,3582,69,0.683,0,0.0001391,0.99986
712165308,Existing Customer,45,F,2,Doctorate,Single,Unknown,Blue,36,4,2,4,7738,947,6791,0.845,4255,61,0.694,0.122,0.00047251,0.99953
715682208,Existing Customer,49,M,3,Doctorate,Married,$80K - $120K,Blue,36,4,1,4,9549,0,9549,0.712,4629,76,0.652,0,0.0002373,0.99976
717661908,Existing Customer,37,M,5,Doctorate,Single,$80K - $120K,Silver,36,4,1,1,34516,0,34516,0.711,2681,55,0.618,0,4.48E-05,0.99996
755220783,Existing Customer,51,M,1,Doctorate,Married,$80K - $120K,Blue,44,5,2,4,8031,1167,6864,0.549,3576,77,0.791,0.145,0.00044353,0.99956
767564358,Existing Customer,47,F,5,Doctorate,Married,$40K - $60K,Blue,40,6,1,1,4748,1008,3740,0.484,3197,70,0.707,0.212,4.96E-05,0.99995
717569283,Existing Customer,47,M,5,Doctorate,Single,Less than $40K,Blue,36,3,1,2,8896,1338,7558,0.741,4252,70,0.591,0.15,8.23E-05,0.99992
713672208,Existing Customer,50,M,1,Doctorate,Divorced,$60K - $80K,Blue,33,3,5,2,19939,0,19939,1.03,3342,76,0.462,0,0.00027287,0.99973
715611933,Existing Customer,50,F,4,Doctorate,Married,Unknown,Blue,38,6,4,2,23692,2402,21290,0.942,3632,62,0.676,0.101,0.00032988,0.99967
714429258,Existing Customer,46,M,5,Doctorate,Single,$60K - $80K,Blue,39,4,3,3,11464,0,11464,1.02,3660,55,1.037,0,0.0004519,0.99955
714216033,Existing Customer,51,M,3,Doctorate,Married,$120K +,Blue,42,4,1,2,11600,738,10862,0.692,3488,80,0.778,0.064,8.27E-05,0.99992
719357058,Existing Customer,62,F,2,Doctorate,Single,$40K - $60K,Blue,56,5,3,2,6797,1428,5369,0.747,3962,70,0.795,0.21,0.00026028,0.99974
711349083,Existing Customer,47,F,4,Doctorate,Married,Less than $40K,Blue,28,3,2,4,4012,0,4012,1.073,2962,60,0.765,0,0.00049554,0.9995
716805408,Existing Customer,52,M,3,Doctorate,Married,$60K - $80K,Blue,40,6,2,2,5376,804,4572,0.51,4511,74,0.682,0.15,0.00017091,0.99983
778968408,Existing Customer,39,M,2,Doctorate,Single,$60K - $80K,Blue,27,4,1,3,5341,0,5341,0.771,1955,47,0.808,0,0.00013405,0.99987
712011633,Existing Customer,40,F,2,Doctorate,Single,$40K - $60K,Blue,36,6,1,3,2797,850,1947,0.953,3652,64,1.37,0.304,0.00013405,0.99987
787669233,Existing Customer,51,M,2,Doctorate,Single,$80K - $120K,Blue,41,3,3,2,34516,1046,33470,1.001,3435,76,0.727,0.03,0.00026028,0.99974
716438433,Existing Customer,41,M,1,Doctorate,Married,$80K - $120K,Blue,32,4,3,3,10130,1449,8681,0.819,4002,66,0.571,0.143,0.00041087,0.99959
780074733,Existing Customer,42,F,1,Doctorate,Married,Less than $40K,Blue,27,5,3,3,1840,1565,275,0.95,4518,72,0.5,0.851,0.00041087,0.99959
717888108,Existing Customer,47,F,3,Doctorate,Single,$40K - $60K,Blue,35,3,3,2,2872,2517,355,0.606,3635,62,0.824,0.876,0.00027008,0.99973
713181558,Existing Customer,55,F,2,Doctorate,Married,Unknown,Blue,47,6,1,3,5794,0,5794,0.732,4201,73,0.587,0,0.00013405,0.99987
788379933,Existing Customer,41,M,3,Doctorate,Single,$60K - $80K,Blue,34,5,3,2,12420,0,12420,0.709,4422,70,0.628,0,0.00027008,0.99973
721313808,Existing Customer,50,M,1,Doctorate,Single,$80K - $120K,Blue,41,6,1,2,2826,1741,1085,0.669,4488,73,0.825,0.616,7.48E-05,0.99993
753118533,Existing Customer,38,F,2,Doctorate,Single,Less than $40K,Blue,31,6,3,2,1555,986,569,0.865,4686,75,0.667,0.634,0.00026028,0.99974
714532158,Existing Customer,55,M,1,Doctorate,Single,$60K - $80K,Blue,36,3,3,3,15221,1166,14055,0.839,3848,68,0.619,0.077,0.00041087,0.99959
717096858,Existing Customer,51,M,2,Doctorate,Single,$40K - $60K,Blue,40,4,3,3,6492,719,5773,0.711,4828,78,0.529,0.111,0.00043772,0.99956
717466158,Existing Customer,48,F,2,Doctorate,Married,Less than $40K,Blue,40,3,4,3,4176,1248,2928,0.434,4889,62,0.632,0.299,0.00052896,0.99947
778180158,Existing Customer,44,M,4,Doctorate,Divorced,$80K - $120K,Blue,34,5,1,4,7150,1887,5263,0.455,3636,69,0.643,0.264,0.00023984,0.99976
719929758,Existing Customer,50,F,1,Doctorate,Married,Unknown,Blue,37,6,4,3,4181,0,4181,0.912,3057,54,0.688,0,0.00049651,0.9995
720755658,Existing Customer,42,F,2,Doctorate,Married,Less than $40K,Blue,32,6,6,0,1592,0,1592,0.745,4172,70,0.75,0,7.58E-05,0.99992
711795633,Existing Customer,65,M,0,Doctorate,Single,Less than $40K,Blue,52,3,3,4,3675,0,3675,0.664,3798,53,0.472,0,0.0006407,0.99936
719217483,Existing Customer,45,F,4,Doctorate,Married,Less than $40K,Blue,36,5,1,2,3240,1775,1465,0.754,4200,67,0.675,0.548,8.36E-05,0.99992
716556258,Existing Customer,50,F,3,Doctorate,Single,Less than $40K,Blue,39,6,1,3,9966,0,9966,0.966,4401,60,1.069,0,0.0001391,0.99986
714336333,Existing Customer,48,M,4,Doctorate,Unknown,$80K - $120K,Blue,40,3,2,2,3429,1268,2161,0.703,4422,64,1.783,0.37,0.00017274,0.99983
714537258,Existing Customer,48,M,3,Doctorate,Married,$60K - $80K,Blue,36,3,2,1,8876,1132,7744,0.844,3779,78,0.814,0.128,0.00010307,0.9999
779906658,Existing Customer,40,M,4,Doctorate,Single,Unknown,Blue,24,3,2,4,18806,1192,17614,0.745,3142,62,0.824,0.063,0.00049554,0.9995
711491283,Existing Customer,44,F,3,Doctorate,Married,Less than $40K,Blue,36,4,3,0,1975,1264,711,0.671,2959,63,0.8,0.64,9.96E-05,0.9999
814219008,Existing Customer,65,M,1,Doctorate,Single,$40K - $60K,Blue,56,5,2,2,1456,867,589,0.725,3953,69,0.725,0.595,0.0001546,0.99985
780203883,Existing Customer,43,F,3,Doctorate,Divorced,Unknown,Blue,33,6,3,2,5738,0,5738,0.852,4375,73,0.622,0,0.00027008,0.99973
713231658,Existing Customer,45,F,2,Doctorate,Single,Less than $40K,Blue,33,6,2,3,5553,1117,4436,0.914,3744,52,0.793,0.201,0.00027701,0.99972
715059258,Existing Customer,38,F,3,Doctorate,Single,Unknown,Blue,32,6,4,4,3072,1970,1102,0.671,4245,82,0.952,0.641,0.00093607,0.99906
793717608,Existing Customer,39,M,0,Doctorate,Single,$60K - $80K,Blue,33,6,2,0,10452,1120,9332,0.802,3592,79,0.795,0.107,5.21E-05,0.99995
711175083,Existing Customer,54,M,3,Doctorate,Single,$60K - $80K,Blue,41,4,2,3,9110,0,9110,0.662,2999,75,0.786,0,0.00028744,0.99971
713289183,Existing Customer,53,F,3,Doctorate,Married,Less than $40K,Blue,33,6,2,1,2255,1647,608,0.848,4270,76,0.767,0.73,0.00010307,0.9999
714485508,Existing Customer,45,M,3,Doctorate,Single,$80K - $120K,Blue,36,6,2,4,9086,1254,7832,0.93,3906,81,0.8,0.138,0.0004903,0.99951
719267283,Existing Customer,35,F,2,Doctorate,Married,$40K - $60K,Blue,27,6,1,0,1953,1554,399,0.581,4598,71,0.651,0.796,2.94E-05,0.99997
714917583,Existing Customer,42,F,2,Doctorate,Unknown,Less than $40K,Silver,36,6,1,2,10074,1079,8995,0.813,3338,65,0.711,0.107,7.20E-05,0.99993
716989683,Existing Customer,56,M,2,Doctorate,Single,$80K - $120K,Blue,48,4,3,3,4480,2465,2015,0.772,3331,74,0.682,0.55,0.00043772,0.99956
710445183,Existing Customer,44,M,5,Doctorate,Single,$120K +,Blue,31,5,1,2,7567,2496,5071,0.709,4076,60,0.579,0.33,8.23E-05,0.99992
714575208,Existing Customer,49,M,5,Doctorate,Single,$40K - $60K,Blue,43,3,1,1,4951,2002,2949,0.684,4192,62,0.55,0.404,4.96E-05,0.99995
780199233,Existing Customer,33,M,2,Doctorate,Single,$120K +,Blue,23,5,1,1,14914,1102,13812,0.823,4478,87,0.673,0.074,4.81E-05,0.99995
779224758,Existing Customer,47,F,2,Doctorate,Single,Less than $40K,Blue,37,4,3,2,2168,1485,683,0.546,3828,86,0.72,0.685,0.00026028,0.99974
710267583,Existing Customer,45,F,3,Doctorate,Divorced,Unknown,Blue,33,6,3,2,12587,815,11772,0.576,3914,83,0.766,0.065,0.00027008,0.99973
787659483,Existing Customer,58,F,1,Doctorate,Married,Less than $40K,Blue,48,4,2,2,1438.3,801,637.3,0.595,4223,60,0.579,0.557,0.0001546,0.99985
719703483,Existing Customer,47,F,1,Doctorate,Divorced,Less than $40K,Blue,37,6,3,3,2707,1367,1340,0.794,4646,73,0.78,0.505,0.00041087,0.99959
716680983,Existing Customer,41,F,3,Doctorate,Married,Less than $40K,Blue,36,3,1,1,1956,1053,903,0.941,4924,70,0.795,0.538,4.99E-05,0.99995
806995683,Existing Customer,61,M,0,Doctorate,Single,$60K - $80K,Blue,56,4,1,3,4783,2517,2266,1.024,2870,50,1.174,0.526,0.00011504,0.99988
807600633,Existing Customer,44,F,2,Doctorate,Divorced,Unknown,Blue,39,6,4,1,9856,671,9185,0.662,5408,83,0.729,0.068,0.0001897,0.99981
789775308,Existing Customer,54,F,2,Doctorate,Divorced,Less than $40K,Blue,43,6,1,3,1438.3,1120,318.3,0.817,4880,77,0.75,0.779,0.00013405,0.99987
712967508,Existing Customer,47,M,3,Doctorate,Unknown,$60K - $80K,Blue,36,4,1,2,2572,1093,1479,0.615,5038,86,0.83,0.425,8.27E-05,0.99992
789859833,Existing Customer,41,M,4,Doctorate,Unknown,Less than $40K,Blue,31,6,2,1,2515,1767,748,0.665,4388,67,0.675,0.703,0.00010417,0.9999
717733158,Existing Customer,43,F,3,Doctorate,Married,Less than $40K,Blue,29,4,2,3,3186,2517,669,0.59,4197,84,0.909,0.79,0.00028744,0.99971
719749083,Existing Customer,63,M,0,Doctorate,Single,Less than $40K,Blue,54,5,2,0,7098,2224,4874,0.864,3465,59,0.788,0.313,5.21E-05,0.99995
708710283,Existing Customer,45,M,5,Doctorate,Married,$120K +,Silver,36,6,1,4,34516,2038,32478,1.007,4067,75,1.206,0.059,0.00021333,0.99979
708542283,Existing Customer,58,F,1,Doctorate,Married,Less than $40K,Blue,47,5,3,4,2495,2061,434,0.849,4399,70,0.707,0.826,0.00070078,0.9993
709873683,Existing Customer,60,M,0,Doctorate,Unknown,$40K - $60K,Silver,53,4,2,1,16541,1428,15113,0.846,4352,82,0.907,0.086,7.70E-05,0.99992
720057183,Existing Customer,49,F,4,Doctorate,Single,Less than $40K,Blue,42,5,1,4,7789,957,6832,0.724,3412,70,0.842,0.123,0.00023984,0.99976
713285058,Existing Customer,46,F,3,Doctorate,Single,Less than $40K,Blue,34,4,3,4,2258,1600,658,0.607,4275,76,0.551,0.709,0.00077466,0.99923
720014358,Existing Customer,38,F,1,Doctorate,Single,Less than $40K,Blue,26,5,2,4,1934,985,949,0.72,4019,78,0.857,0.509,0.00044353,0.99956
779135808,Existing Customer,56,F,2,Doctorate,Single,$40K - $60K,Blue,38,5,1,4,3609,1026,2583,0.67,4318,81,0.588,0.284,0.00022869,0.99977
717755058,Existing Customer,41,F,4,Doctorate,Single,Less than $40K,Blue,36,4,3,4,2687,1317,1370,0.58,4096,76,0.727,0.49,0.00078294,0.99922
712364283,Existing Customer,54,F,2,Doctorate,Married,$40K - $60K,Blue,43,5,3,2,2222,1398,824,0.785,3960,79,0.756,0.629,0.00026028,0.99974
720436008,Existing Customer,54,F,1,Doctorate,Unknown,Less than $40K,Blue,43,4,6,4,5267,0,5267,0.631,4196,81,0.588,0,0.00055326,0.99945
717212958,Existing Customer,55,M,2,Doctorate,Single,$80K - $120K,Blue,36,6,3,3,3046,2415,631,0.492,3153,57,0.583,0.793,0.00043772,0.99956
714103908,Existing Customer,54,F,3,Doctorate,Single,Less than $40K,Blue,36,4,2,2,2778,743,2035,0.812,4515,74,0.51,0.267,0.00017091,0.99983
823624158,Existing Customer,53,F,2,Doctorate,Single,Unknown,Blue,49,3,2,2,4500,0,4500,0.761,4579,78,0.814,0,0.00016471,0.99984
715204083,Existing Customer,47,F,4,Doctorate,Single,Less than $40K,Blue,36,3,2,2,2765,901,1864,0.898,4990,80,0.905,0.326,0.00017274,0.99983
711243108,Existing Customer,50,M,1,Doctorate,Married,$80K - $120K,Blue,36,5,3,3,18964,2207,16757,0.625,3835,78,0.625,0.116,0.00041087,0.99959
720031908,Existing Customer,55,M,2,Doctorate,Married,$60K - $80K,Blue,36,5,1,1,4370,0,4370,0.791,4326,74,0.721,0,4.81E-05,0.99995
708997833,Existing Customer,49,F,4,Doctorate,Single,$40K - $60K,Blue,39,5,3,1,3255,603,2652,0.617,4045,62,0.824,0.185,0.00016463,0.99984
768167358,Existing Customer,37,M,4,Doctorate,Single,$60K - $80K,Blue,31,6,3,0,1702,1018,684,0.645,4301,86,0.72,0.598,0.0001007,0.9999
714257958,Existing Customer,41,F,3,Doctorate,Single,Less than $40K,Blue,31,4,2,1,1738,0,1738,0.654,4220,68,0.889,0,0.00010307,0.9999
708837858,Existing Customer,44,F,4,Doctorate,Unknown,Less than $40K,Blue,34,5,2,2,2718,1718,1000,0.679,4423,68,0.619,0.632,0.00017274,0.99983
711379083,Existing Customer,60,F,0,Doctorate,Single,Less than $40K,Blue,42,5,3,3,2758,1429,1329,0.718,5124,74,0.644,0.518,0.00037564,0.99962
794866983,Existing Customer,51,F,1,Doctorate,Married,Unknown,Blue,45,6,2,1,7336,1031,6305,0.658,3812,67,0.675,0.141,9.32E-05,0.99991
720175008,Existing Customer,48,F,2,Doctorate,Married,$40K - $60K,Blue,34,3,1,4,5069,1843,3226,0.826,4055,66,0.692,0.364,0.00022869,0.99977
719613783,Existing Customer,51,F,1,Doctorate,Married,Less than $40K,Blue,42,3,2,2,1438.3,0,1438.3,0.872,4211,64,0.778,0,0.0001546,0.99985
719042208,Existing Customer,43,M,4,Doctorate,Unknown,$60K - $80K,Blue,33,4,3,4,2067,1250,817,0.891,4565,65,0.806,0.605,0.00078294,0.99922
769183908,Existing Customer,51,F,2,Doctorate,Single,Unknown,Blue,45,6,3,1,2109,683,1426,0.593,4321,58,0.812,0.324,0.00015697,0.99984
715893633,Existing Customer,47,F,4,Doctorate,Single,Less than $40K,Blue,36,4,3,2,2193,1084,1109,0.974,4755,81,0.761,0.494,0.00027297,0.99973
710803008,Existing Customer,40,F,3,Doctorate,Married,Less than $40K,Blue,30,6,3,2,3125,2041,1084,0.675,4372,68,0.659,0.653,0.00027008,0.99973
712987608,Existing Customer,51,F,2,Doctorate,Single,Less than $40K,Blue,40,3,3,3,1438.3,1153,285.3,0.866,4263,84,0.909,0.802,0.00043772,0.99956
708402333,Existing Customer,48,F,2,Doctorate,Divorced,Unknown,Blue,37,6,2,0,4549,1313,3236,0.777,4782,88,0.66,0.289,6.08E-05,0.99994
720281508,Existing Customer,44,F,2,Doctorate,Divorced,Less than $40K,Blue,34,3,1,2,2406,1491,915,0.606,4625,91,0.685,0.62,7.97E-05,0.99992
718384233,Existing Customer,52,M,5,Doctorate,Single,$40K - $60K,Silver,39,4,2,2,17835,868,16967,0.723,4258,58,0.657,0.049,0.00015365,0.99985
817892208,Existing Customer,35,F,2,Doctorate,Single,Less than $40K,Blue,30,5,1,1,1438.3,0,1438.3,1.126,4006,72,0.946,0,4.81E-05,0.99995
721396758,Existing Customer,35,F,4,Doctorate,Married,Less than $40K,Blue,36,3,1,3,1438.3,606,832.3,0.692,5062,80,0.818,0.421,0.00014059,0.99986
709165533,Existing Customer,47,M,3,Doctorate,Unknown,$120K +,Blue,41,6,2,2,6143,1151,4992,0.866,4330,72,0.895,0.187,0.00017091,0.99983
819979458,Existing Customer,35,F,3,Doctorate,Married,Less than $40K,Blue,30,5,2,2,3976,1789,2187,0.931,4419,75,0.829,0.45,0.00017091,0.99983
787475433,Existing Customer,36,F,2,Doctorate,Single,Unknown,Blue,23,5,2,3,6966,905,6061,0.755,4855,69,0.5,0.13,0.00027701,0.99972
715774833,Existing Customer,41,F,2,Doctorate,Unknown,Less than $40K,Blue,36,4,1,2,1801,940,861,0.594,3797,74,0.721,0.522,7.97E-05,0.99992
788997408,Existing Customer,65,F,2,Doctorate,Single,Less than $40K,Blue,53,6,3,2,2195,1917,278,0.535,4205,65,0.625,0.873,0.00026028,0.99974
710929233,Existing Customer,33,F,2,Doctorate,Single,Less than $40K,Blue,36,5,2,3,2800,1559,1241,0.598,4253,83,0.694,0.557,0.00027701,0.99972
710864358,Existing Customer,51,F,2,Doctorate,Married,Unknown,Blue,45,6,6,2,6501,0,6501,0.651,5074,81,0.688,0,0.00020547,0.99979
755247108,Existing Customer,50,F,2,Doctorate,Single,Less than $40K,Blue,43,4,1,0,3206,0,3206,0.631,4731,82,0.822,0,2.94E-05,0.99997
718471758,Existing Customer,49,M,4,Doctorate,Single,$60K - $80K,Silver,37,5,2,2,30976,2051,28925,0.684,3193,69,0.725,0.066,0.00015608,0.99984
714046608,Existing Customer,49,M,0,Doctorate,Married,$60K - $80K,Blue,39,5,6,3,19719,1395,18324,0.565,3572,73,0.738,0.071,0.00029654,0.9997
712942308,Existing Customer,42,M,3,Doctorate,Single,$60K - $80K,Blue,36,6,1,3,11535,1527,10008,0.664,3730,67,0.718,0.132,0.0001391,0.99986
711780108,Existing Customer,46,F,4,Doctorate,Divorced,Less than $40K,Blue,38,4,3,2,4120,1578,2542,0.379,4792,81,0.588,0.383,0.00027297,0.99973
713578608,Existing Customer,58,M,0,Doctorate,Single,Less than $40K,Blue,46,6,4,3,1438.3,0,1438.3,0.808,4082,82,0.822,0,0.00045394,0.99955
711131958,Existing Customer,50,F,3,Doctorate,Single,$40K - $60K,Blue,42,4,3,3,3743,881,2862,0.77,4621,71,0.821,0.235,0.0004542,0.99955
710310108,Existing Customer,46,F,1,Doctorate,Married,Less than $40K,Blue,29,3,3,2,2406,1705,701,0.624,4665,89,0.816,0.709,0.00024431,0.99976
721012983,Existing Customer,46,M,3,Doctorate,Married,$80K - $120K,Blue,38,6,1,2,12935,1417,11518,0.738,3528,61,0.743,0.11,8.27E-05,0.99992
714308283,Existing Customer,41,M,2,Doctorate,Married,$40K - $60K,Blue,32,5,3,3,6059,1171,4888,0.678,4119,70,0.667,0.193,0.00043772,0.99956
712569408,Existing Customer,56,F,4,Doctorate,Single,$40K - $60K,Blue,44,4,2,3,3455,1385,2070,0.773,4925,82,0.745,0.401,0.00029051,0.99971
710853033,Existing Customer,36,F,1,Doctorate,Unknown,Less than $40K,Blue,36,3,2,2,4943,1204,3739,0.417,4024,82,0.783,0.244,0.0001546,0.99985
716901858,Existing Customer,49,M,4,Doctorate,Married,$40K - $60K,Blue,39,5,1,2,1438.3,0,1438.3,0.562,3691,77,0.51,0,8.36E-05,0.99992
718689258,Existing Customer,39,F,2,Doctorate,Married,$40K - $60K,Blue,29,5,2,3,1693,1101,592,0.778,4203,87,0.851,0.65,0.00027701,0.99972
721321383,Existing Customer,50,F,3,Doctorate,Married,Less than $40K,Blue,41,3,3,2,2372,1148,1224,0.872,4418,80,0.818,0.484,0.00027008,0.99973
789487308,Existing Customer,48,M,2,Doctorate,Single,$60K - $80K,Blue,39,3,2,2,10033,0,10033,0.644,4106,78,0.902,0,0.00016471,0.99984
709365483,Existing Customer,45,F,2,Doctorate,Divorced,$40K - $60K,Blue,36,5,3,3,2788,1826,962,0.521,4437,67,0.595,0.655,0.00043772,0.99956
719556558,Existing Customer,46,M,2,Doctorate,Married,$120K +,Blue,34,6,3,1,3499,1759,1740,0.635,3972,67,0.558,0.503,0.00015697,0.99984
772457583,Existing Customer,47,F,2,Doctorate,Single,Less than $40K,Blue,37,3,0,1,4254,1204,3050,0.538,5385,93,0.691,0.283,1.78E-05,0.99998
714172158,Existing Customer,51,F,0,Doctorate,Single,$40K - $60K,Blue,36,3,2,1,2637,1009,1628,0.574,4525,83,0.729,0.383,8.52E-05,0.99991
709597983,Existing Customer,65,M,0,Doctorate,Divorced,Less than $40K,Blue,56,6,1,3,1573,653,920,0.71,3349,77,0.674,0.415,0.00011504,0.99988
715736283,Existing Customer,55,F,4,Doctorate,Single,Less than $40K,Blue,44,3,1,1,1912,0,1912,0.783,4666,98,0.719,0,5.04E-05,0.99995
711533058,Existing Customer,42,F,2,Doctorate,Single,$40K - $60K,Blue,29,6,2,3,3347,2240,1107,0.898,5533,85,0.735,0.669,0.00027701,0.99972
715571583,Existing Customer,57,F,2,Doctorate,Divorced,Less than $40K,Blue,47,5,1,2,2504,1915,589,0.897,4847,86,0.654,0.765,7.97E-05,0.99992
779577108,Existing Customer,49,F,1,Doctorate,Single,$40K - $60K,Blue,32,3,3,2,1438.3,0,1438.3,0.718,4052,65,0.757,0,0.00024431,0.99976
719815383,Existing Customer,49,F,4,Doctorate,Married,Unknown,Blue,39,4,4,1,2333,1414,919,0.632,5137,89,0.679,0.606,0.00019895,0.9998
717395733,Existing Customer,42,F,3,Doctorate,Married,$40K - $60K,Blue,36,4,4,3,4142,688,3454,0.717,4512,81,0.976,0.166,0.00054888,0.99945
710725383,Existing Customer,42,M,3,Doctorate,Divorced,$40K - $60K,Blue,36,3,2,1,2012,0,2012,0.31,3282,66,0.65,0,0.00010307,0.9999
793842558,Existing Customer,39,F,3,Doctorate,Married,Less than $40K,Blue,33,6,4,2,2001,1430,571,0.555,4509,69,0.683,0.715,0.00032639,0.99967
713818158,Existing Customer,50,M,1,Doctorate,Single,$80K - $120K,Blue,41,5,4,2,5068,991,4077,0.736,5173,64,0.6,0.196,0.00029525,0.9997
713993208,Existing Customer,37,F,3,Doctorate,Married,Less than $40K,Blue,36,3,5,2,1438.3,0,1438.3,0.861,4314,82,0.864,0,0.00030166,0.9997
721072908,Existing Customer,51,M,0,Doctorate,Single,$60K - $80K,Blue,36,6,2,3,3232,1346,1886,0.697,5102,69,0.643,0.416,0.00023771,0.99976
713301633,Existing Customer,57,F,3,Doctorate,Single,Unknown,Blue,36,5,1,1,1678,1162,516,0.722,4402,87,0.851,0.692,4.99E-05,0.99995
708768258,Existing Customer,51,F,4,Doctorate,Married,Less than $40K,Blue,43,6,1,2,2066,1077,989,0.715,4678,91,0.655,0.521,8.36E-05,0.99992
711264033,Existing Customer,47,M,3,Doctorate,Divorced,$40K - $60K,Blue,36,4,2,3,4786,1516,3270,0.94,4973,74,0.85,0.317,0.00028744,0.99971
789271533,Existing Customer,51,F,1,Doctorate,Single,Less than $40K,Blue,40,5,3,2,1438.3,908,530.3,0.615,4653,74,0.897,0.631,0.00024431,0.99976
720152058,Existing Customer,42,F,1,Doctorate,Single,Less than $40K,Blue,35,5,1,3,2725,2444,281,0.959,4965,85,0.809,0.897,0.00012583,0.99987
751607058,Existing Customer,45,M,2,Doctorate,Married,$120K +,Blue,38,4,3,3,1686,0,1686,0.812,4413,77,0.75,0,0.00043772,0.99956
713531808,Existing Customer,38,F,1,Doctorate,Married,Less than $40K,Blue,28,6,1,1,1438.3,0,1438.3,0.813,4475,74,0.644,0,4.51E-05,0.99995
715579233,Existing Customer,44,F,3,Doctorate,Single,$40K - $60K,Blue,40,4,1,3,3659,1356,2303,0.715,4861,74,0.762,0.371,0.0001391,0.99986
772243833,Existing Customer,54,F,0,Doctorate,Single,Less than $40K,Blue,43,4,1,3,3186,968,2218,0.696,4077,75,0.63,0.304,0.00011504,0.99988
716218908,Existing Customer,48,F,4,Doctorate,Single,Unknown,Blue,39,6,1,1,2845,919,1926,0.652,2635,43,1.263,0.323,5.04E-05,0.99995
714735033,Existing Customer,45,F,5,Doctorate,Married,Less than $40K,Blue,34,4,2,2,1438.3,491,947.3,0.708,4376,84,0.787,0.341,0.00017004,0.99983
712640583,Existing Customer,60,F,0,Doctorate,Married,Unknown,Blue,51,4,1,3,7508,2148,5360,0.89,4950,70,0.707,0.286,0.00011504,0.99988
708291633,Existing Customer,33,F,2,Doctorate,Unknown,Unknown,Blue,21,3,3,3,4651,2499,2152,0.766,5097,79,0.795,0.537,0.00043772,0.99956
719633508,Existing Customer,52,F,1,Doctorate,Married,Less than $40K,Blue,39,3,1,1,1663,0,1663,0.707,4875,86,0.654,0,4.51E-05,0.99995
778849908,Existing Customer,59,F,1,Doctorate,Married,Less than $40K,Blue,40,3,3,1,2687,2452,235,0.817,4697,81,0.761,0.913,0.00014734,0.99985
711900033,Existing Customer,57,F,0,Doctorate,Married,Unknown,Blue,46,5,2,1,4661,1734,2927,0.789,5242,81,1.382,0.372,8.52E-05,0.99991
715466133,Existing Customer,50,F,1,Doctorate,Married,Unknown,Blue,40,3,3,1,2492,1410,1082,0.835,4374,75,0.974,0.566,0.00014734,0.99985
779551533,Existing Customer,54,F,3,Doctorate,Single,Less than $40K,Blue,39,4,3,3,1764,0,1764,0.651,4857,92,0.804,0,0.0004542,0.99955
710219658,Existing Customer,48,F,3,Doctorate,Married,Unknown,Blue,44,4,3,3,2021,1186,835,0.616,4633,74,0.574,0.587,0.0004542,0.99955
715321983,Existing Customer,33,F,2,Doctorate,Married,$40K - $60K,Blue,36,4,2,1,2748,1867,881,0.816,4314,75,1.027,0.679,9.93E-05,0.9999
817337958,Existing Customer,48,F,5,Doctorate,Married,Less than $40K,Blue,33,2,1,3,5814,1176,4638,0.627,3796,74,1.056,0.202,0.0001384,0.99986
721525758,Existing Customer,45,M,5,Doctorate,Married,$80K - $120K,Blue,35,2,2,2,2226,1229,997,0.784,4928,77,0.638,0.552,0.00017004,0.99983
779608083,Existing Customer,55,M,2,Doctorate,Single,Less than $40K,Blue,44,2,2,2,3897,1247,2650,0.689,3681,62,0.632,0.32,0.00016471,0.99984
719898108,Existing Customer,57,F,2,Doctorate,Married,$40K - $60K,Blue,41,2,3,3,3667,809,2858,0.778,5322,79,0.975,0.221,0.00043772,0.99956
736893108,Existing Customer,33,F,2,Doctorate,Single,Less than $40K,Blue,26,2,3,2,1438.3,0,1438.3,0.613,4196,87,0.891,0,0.00026028,0.99974
715566408,Existing Customer,45,F,3,Doctorate,Married,Less than $40K,Blue,36,1,2,2,2143,1479,664,0.708,4404,77,0.75,0.69,0.00017091,0.99983
711093408,Existing Customer,46,F,2,Doctorate,Married,Less than $40K,Blue,33,2,3,1,2644,1517,1127,0.721,4815,83,0.804,0.574,0.00015697,0.99984
806415183,Existing Customer,51,F,0,Doctorate,Married,Unknown,Blue,46,1,3,3,13623,1432,12191,0.594,4534,83,0.886,0.105,0.00037564,0.99962
712620858,Existing Customer,34,F,4,Doctorate,Married,Unknown,Blue,36,1,2,2,7744,1804,5940,0.942,4572,60,0.935,0.233,0.00017274,0.99983
771220758,Existing Customer,40,F,3,Doctorate,Single,Unknown,Blue,27,1,1,2,2896,2100,796,0.728,4614,83,0.694,0.725,8.27E-05,0.99992
779034708,Existing Customer,60,F,0,Doctorate,Married,Unknown,Blue,41,1,3,1,10730,970,9760,0.645,4939,71,0.972,0.09,0.0001347,0.99987
713785608,Existing Customer,49,F,1,Doctorate,Single,Less than $40K,Blue,40,1,2,3,2960,0,2960,0.962,4918,63,0.75,0,0.00026001,0.99974
816613158,Existing Customer,48,F,1,Doctorate,Married,Less than $40K,Blue,43,2,3,1,2559,1514,1045,0.57,4117,69,0.643,0.592,0.00014734,0.99985
718825908,Existing Customer,60,F,1,Doctorate,Single,Unknown,Blue,47,1,1,1,3803,1448,2355,0.565,4575,78,0.592,0.381,4.51E-05,0.99995
720537633,Existing Customer,44,F,3,Doctorate,Married,Less than $40K,Blue,36,2,3,1,3047,2139,908,0.842,4961,85,0.635,0.702,0.00016289,0.99984
720589008,Existing Customer,47,F,3,Doctorate,Unknown,Unknown,Blue,38,1,3,2,4072,1594,2478,0.678,4317,83,0.886,0.391,0.00027008,0.99973
809844108,Existing Customer,48,M,2,Doctorate,Single,$60K - $80K,Blue,43,2,1,1,8086,0,8086,0.792,4775,78,0.66,0,4.81E-05,0.99995
708753633,Existing Customer,45,F,3,Doctorate,Married,$40K - $60K,Blue,32,2,1,1,1438.3,0,1438.3,0.712,4462,77,0.638,0,4.99E-05,0.99995
715522233,Existing Customer,45,F,3,Doctorate,Single,Less than $40K,Blue,27,1,6,3,2917,1523,1394,0.724,4878,92,0.804,0.522,0.00035857,0.99964
714943233,Existing Customer,49,M,2,Doctorate,Married,$40K - $60K,Blue,31,2,2,2,1915,1545,370,0.775,3911,80,0.778,0.807,0.00016471,0.99984
792098883,Existing Customer,37,M,2,Doctorate,Single,$120K +,Blue,31,2,1,3,2360,1204,1156,0.539,3696,82,0.822,0.51,0.00013405,0.99987
799242033,Existing Customer,45,M,4,Doctorate,Married,$80K - $120K,Blue,39,2,3,2,1438.3,1162,276.3,0.539,4598,86,0.623,0.808,0.00027297,0.99973
710371683,Existing Customer,51,M,4,Doctorate,Married,$60K - $80K,Blue,36,2,1,2,3451,2006,1445,0.555,4097,67,0.763,0.581,8.36E-05,0.99992
709087983,Existing Customer,35,F,3,Doctorate,Single,Less than $40K,Blue,27,2,2,3,1438.3,0,1438.3,0.62,5020,94,0.843,0,0.00028744,0.99971
720593583,Existing Customer,39,F,2,Doctorate,Divorced,Less than $40K,Blue,32,1,2,2,3554,747,2807,0.621,5152,90,0.765,0.21,0.00016471,0.99984
718590183,Existing Customer,58,F,3,Doctorate,Married,Less than $40K,Blue,47,1,3,3,1517,920,597,0.825,5067,69,0.865,0.606,0.0004542,0.99955
789296133,Existing Customer,35,F,3,Doctorate,Single,Unknown,Blue,24,1,1,3,12287,770,11517,0.612,4601,65,0.757,0.063,0.0001391,0.99986
715980258,Existing Customer,36,F,1,Doctorate,Single,Less than $40K,Blue,25,1,2,3,2835,2511,324,0.731,4811,77,0.925,0.886,0.00026001,0.99974
824915208,Existing Customer,44,F,3,Doctorate,Married,Unknown,Blue,40,2,1,1,7212,1008,6204,0.727,5169,82,0.745,0.14,4.99E-05,0.99995
719237058,Existing Customer,39,M,2,Doctorate,Single,$60K - $80K,Blue,36,2,2,1,1790,891,899,0.45,4498,96,0.574,0.498,9.93E-05,0.9999
788290383,Existing Customer,43,M,3,Doctorate,Single,$40K - $60K,Blue,35,2,6,3,4970,1588,3382,0.669,4436,83,0.804,0.32,0.00035857,0.99964
710518308,Existing Customer,54,F,2,Doctorate,Married,Less than $40K,Blue,35,1,4,2,1685,0,1685,0.457,4155,85,0.667,0,0.00031455,0.99969
714754533,Existing Customer,51,M,0,Doctorate,Single,$120K +,Platinum,44,3,2,3,34516,1925,32591,0.764,8012,87,0.582,0.056,0.00041292,0.99959
714713508,Existing Customer,49,M,2,Doctorate,Divorced,$80K - $120K,Blue,36,3,3,1,25178,1803,23375,0.767,7836,87,0.582,0.072,0.00015697,0.99984
713911233,Existing Customer,47,F,3,Doctorate,Single,$40K - $60K,Silver,39,3,2,1,18341,1060,17281,0.718,7584,85,0.7,0.058,9.31E-05,0.99991
719658858,Existing Customer,50,F,4,Doctorate,Married,Unknown,Silver,36,3,2,1,34516,2096,32420,0.666,7042,73,0.553,0.061,9.41E-05,0.99991
771719283,Existing Customer,39,F,4,Doctorate,Married,Less than $40K,Blue,27,2,1,1,8587,1324,7263,0.897,8854,92,0.643,0.154,5.04E-05,0.99995
713537733,Existing Customer,46,M,4,Doctorate,Unknown,$60K - $80K,Gold,36,2,2,3,34516,1426,33090,0.823,7582,95,0.696,0.041,0.00033469,0.99967
816615633,Existing Customer,47,F,2,Doctorate,Married,$40K - $60K,Blue,42,2,3,1,3256,2035,1221,0.655,7075,89,0.648,0.625,0.00015697,0.99984
787502883,Existing Customer,60,F,1,Doctorate,Single,Unknown,Silver,48,1,2,1,34516,1542,32974,0.603,7443,98,0.556,0.045,8.42E-05,0.99992
715037133,Existing Customer,40,M,3,Doctorate,Unknown,Less than $40K,Blue,36,1,1,3,4587,1771,2816,0.647,7479,83,0.694,0.386,0.0001391,0.99986
708153558,Existing Customer,46,M,5,Doctorate,Divorced,$120K +,Blue,31,1,2,2,34516,1802,32714,0.871,7936,101,0.485,0.052,0.00017004,0.99983
719623083,Existing Customer,33,F,1,Doctorate,Unknown,Less than $40K,Gold,24,2,3,2,15987,1992,13995,0.739,8302,81,0.841,0.125,0.00028147,0.99972
716704158,Existing Customer,50,M,1,Doctorate,Married,$120K +,Blue,39,2,3,2,34516,2517,31999,0.778,8087,86,0.509,0.073,0.00024431,0.99976
771752508,Existing Customer,40,F,3,Doctorate,Married,Less than $40K,Blue,29,1,1,1,4660,1844,2816,1.018,8571,84,0.647,0.396,4.99E-05,0.99995
713460258,Existing Customer,45,F,0,Doctorate,Married,$40K - $60K,Silver,36,1,1,3,19107,933,18174,0.88,8987,89,0.561,0.049,0.00010394,0.9999
716762733,Existing Customer,50,F,2,Doctorate,Single,Less than $40K,Blue,40,2,1,1,3449,1634,1815,0.776,8300,94,0.469,0.474,4.81E-05,0.99995
709619433,Existing Customer,52,M,2,Doctorate,Married,$120K +,Blue,44,1,2,2,34516,1382,33134,0.856,8604,108,0.714,0.04,0.00016471,0.99984
720735408,Existing Customer,44,F,4,Doctorate,Married,$40K - $60K,Blue,30,1,3,1,6329,1643,4686,0.706,8514,109,0.73,0.26,0.00016463,0.99984
709530408,Existing Customer,45,M,4,Doctorate,Single,$120K +,Gold,36,1,3,1,34516,1411,33105,0.701,8007,96,0.778,0.041,0.00018967,0.99981
720086358,Existing Customer,58,M,2,Doctorate,Married,$120K +,Blue,48,2,3,1,12648,1604,11044,0.719,14465,125,0.712,0.127,0.00015697,0.99984
779349783,Existing Customer,46,M,3,Doctorate,Married,$60K - $80K,Blue,31,2,2,2,21161,1198,19963,0.783,13119,104,0.625,0.057,0.00017091,0.99983
709210833,Existing Customer,48,F,2,Doctorate,Married,$40K - $60K,Blue,36,1,2,2,9074,1648,7426,0.727,14084,110,0.803,0.182,0.00016471,0.99984
717565233,Existing Customer,51,M,3,Doctorate,Single,$80K - $120K,Blue,38,2,3,2,31346,1318,30028,0.862,13303,92,0.804,0.042,0.00027008,0.99973
712412958,Existing Customer,41,F,3,Doctorate,Married,$40K - $60K,Silver,33,1,1,2,18266,822,17444,0.875,14615,124,0.797,0.045,7.47E-05,0.99993
716296833,Existing Customer,56,M,0,Doctorate,Single,$80K - $120K,Blue,47,2,1,2,7204,0,7204,0.803,14042,113,0.766,0,6.84E-05,0.99993
718663983,Existing Customer,38,F,1,Doctorate,Single,Less than $40K,Blue,36,2,2,2,3466,2517,949,0.699,13140,94,0.709,0.726,0.0001546,0.99985
711706458,Existing Customer,44,M,4,Doctorate,Married,$80K - $120K,Blue,27,1,2,1,24134,1290,22844,0.814,13311,110,0.642,0.053,0.00010417,0.9999
714003483,Existing Customer,37,M,1,Doctorate,Unknown,$60K - $80K,Blue,36,1,3,1,7539,0,7539,1.023,15293,129,0.743,0,0.00014734,0.99985
712195383,Existing Customer,37,F,0,Doctorate,Single,Less than $40K,Blue,36,2,2,3,9178,1585,7593,0.617,14932,110,0.803,0.173,0.00023771,0.99976
770926158,Existing Customer,51,F,0,Doctorate,Single,Less than $40K,Blue,38,2,2,2,4132,2517,1615,0.786,13820,129,0.697,0.609,0.00014134,0.99986
719368533,Existing Customer,41,F,2,Doctorate,Married,Unknown,Silver,28,1,3,3,32250,1289,30961,0.703,15785,100,0.786,0.04,0.00039552,0.9996
721211433,Existing Customer,42,M,4,Doctorate,Single,$60K - $80K,Blue,31,2,2,2,3322,0,3322,0.758,13784,108,0.588,0,0.00017274,0.99983
712104333,Existing Customer,57,F,2,Doctorate,Single,Less than $40K,Blue,44,2,2,3,9149,1254,7895,0.762,14401,100,0.754,0.137,0.00027701,0.99972
717464958,Existing Customer,55,F,2,Doctorate,Married,Less than $40K,Silver,36,3,2,1,10858,0,10858,0.787,14475,111,0.682,0,8.98E-05,0.99991
715052583,Existing Customer,45,M,3,Doctorate,Single,$60K - $80K,Silver,34,3,3,1,27494,879,26615,0.671,14375,112,0.672,0.032,0.00014718,0.99985
719270358,Existing Customer,57,F,2,Doctorate,Divorced,$40K - $60K,Blue,48,2,2,2,4288,1678,2610,0.643,15505,113,0.687,0.391,0.00016471,0.99984
758617233,Existing Customer,56,F,5,Doctorate,Single,Less than $40K,Blue,49,3,3,2,4132,1559,2573,0.827,14781,108,0.688,0.377,0.00026871,0.99973
710858658,Existing Customer,48,F,4,Doctorate,Divorced,Less than $40K,Silver,38,2,1,2,10610,0,10610,0.664,15050,108,0.742,0,7.55E-05,0.99992
709385133,Existing Customer,42,F,2,Doctorate,Married,Unknown,Blue,30,4,3,5,14828,1513,13315,0.748,15572,113,0.614,0.102,0.0012912,0.99871
779140533,Existing Customer,49,M,2,Doctorate,Married,$120K +,Blue,34,3,6,4,27124,2311,24813,0.73,15195,121,0.729,0.085,0.00058941,0.99941
720237408,Existing Customer,59,M,1,Doctorate,Single,$80K - $120K,Blue,49,4,2,2,22715,707,22008,0.848,15004,117,0.887,0.031,0.0001546,0.99985
768728508,Existing Customer,45,F,5,Doctorate,Married,Less than $40K,Gold,39,6,3,2,15987,1096,14891,0.625,14209,103,0.776,0.069,0.00030958,0.99969
719934783,Existing Customer,43,M,3,Doctorate,Married,$80K - $120K,Blue,27,4,2,2,3676,673,3003,0.629,14651,105,0.78,0.183,0.00017091,0.99983
712260633,Existing Customer,47,F,5,Doctorate,Single,Unknown,Blue,36,4,1,4,26923,2461,24462,0.602,13643,94,0.918,0.091,0.0002361,0.99976
780097533,Existing Customer,48,M,3,Doctorate,Divorced,$80K - $120K,Blue,33,4,1,2,10292,0,10292,0.656,15148,111,0.79,0,8.27E-05,0.99992
816517683,Existing Customer,38,F,2,Doctorate,Married,Less than $40K,Blue,33,4,3,3,7530,1336,6194,0.749,14719,115,0.855,0.177,0.00043772,0.99956
771982083,Existing Customer,44,M,4,Doctorate,Married,$80K - $120K,Blue,33,3,1,3,4552,1144,3408,0.709,14418,104,0.677,0.251,0.00014059,0.99986
,,,,,,,,,,,,,,,,,,,,,,
356,,,,,,,,,,,,,,,,,,,,,,
